{
    "lizard_00003.png": {
        "R": [
            [
                1.0,
                0.0,
                0.0
            ],
            [
                0.0,
                1.0,
                0.0
            ],
            [
                0.0,
                0.0,
                1.0
            ]
        ],
        "t": [
            0,
            0,
            0
        ]
    },
    "lizard_00013.png": {
        "R": [
            [
                0.9895459555224944,
                0.1442170314611067,
                0.000499745555129023
            ],
            [
                -0.14421729883262643,
                0.9895458909832779,
                0.0005480470158781912
            ],
            [
                -0.00041548344688615505,
                -0.0006143896620627051,
                0.9999997249493865
            ]
        ],
        "t": [
            -0.16731295143754912,
            -0.9859024662719104,
            -0.001644165509040528
        ]
    },
    "lizard_00014.png": {
        "R": [
            [
                0.07614105414656935,
                -0.9970969264390477,
                -0.0005090768639147405
            ],
            [
                -0.9970635226134063,
                -0.07614267075085168,
                0.008162448448388942
            ],
            [
                -0.00817751473214166,
                -0.00011391545806156483,
                -0.9999665570788225
            ]
        ],
        "t": [
            0.7811921571558058,
            0.6242820439146232,
            0.003277688825880757
        ]
    },
    "lizard_00019.png": {
        "R": [
            [
                1.0,
                0.0,
                0.0
            ],
            [
                0.0,
                1.0,
                0.0
            ],
            [
                0.0,
                0.0,
                1.0
            ]
        ],
        "t": [
            0,
            0,
            0
        ]
    },
    "lizard_00051.png": {
        "R": [
            [
                0.9958525428200402,
                -0.09098187009950953,
                0.00011077931077585045
            ],
            [
                0.09098185648005613,
                0.9958525427108753,
                0.0001223426588240267
            ],
            [
                -0.0001214508222086441,
                -0.00011175634053130348,
                0.9999999863801088
            ]
        ],
        "t": [
            0.8967107459844614,
            0.44261615211042565,
            0.0008831347299767105
        ]
    },
    "lizard_00278.png": {
        "R": [
            [
                0.9649334443341313,
                0.2624945912712194,
                0.00019380099537991472
            ],
            [
                -0.2624939093897937,
                0.9649321806772883,
                -0.001683516152579447
            ],
            [
                -0.0006289187014591859,
                0.0015736094587797155,
                0.999998564106238
            ]
        ],
        "t": [
            -0.5668958209097288,
            -0.8237875137828302,
            -0.001805649630457723
        ]
    },
    "lizard_00415.png": {
        "R": [
            [
                0.9891087272077367,
                0.1471866023062412,
                0.00017280924559646895
            ],
            [
                -0.1471866417660903,
                0.9891087064502874,
                0.0002435361571969082
            ],
            [
                -0.00013508186985830236,
                -0.00026631895099946427,
                0.9999999554135514
            ]
        ],
        "t": [
            -0.566528064446176,
            -0.8240416166933419,
            -0.001168825176327647
        ]
    },
    "lizard_00431.png": {
        "R": [
            [
                0.99999916467578,
                -0.0012750590769283199,
                -0.0002118303391542898
            ],
            [
                0.0012750793721961196,
                0.9999991825065591,
                9.57016621588023e-05
            ],
            [
                0.00021170814071164406,
                -9.597168271295456e-05,
                0.9999999729845493
            ]
        ],
        "t": [
            -0.3697738637139501,
            -0.9291158675539981,
            -0.003315776445793874
        ]
    },
    "lizard_00459.png": {
        "R": [
            [
                0.9953530181550421,
                -0.09629263240246588,
                0.0003133602589445666
            ],
            [
                0.09629259711195196,
                0.9953530629385932,
                0.00012585784079751142
            ],
            [
                -0.0003240232763427651,
                -9.509870853088105e-05,
                0.9999999429825743
            ]
        ],
        "t": [
            0.24267481803070245,
            -0.9701076163564766,
            -0.00038128850058886043
        ]
    },
    "lizard_00466.png": {
        "R": [
            [
                0.9959332099348961,
                0.09009462176876021,
                -2.184303752184464e-05
            ],
            [
                -0.09009462441555538,
                0.9959331794666172,
                -0.0002463512431661905
            ],
            [
                -4.4071626706257763e-07,
                0.0002473173246397009,
                0.9999999694169728
            ]
        ],
        "t": [
            -0.6956692678734856,
            -0.7183618144801466,
            -0.0007571216283007071
        ]
    },
    "lizard_00519.png": {
        "R": [
            [
                0.8593048738296991,
                0.5114432629317857,
                0.004574124420387918
            ],
            [
                0.5114536094479085,
                -0.8591973042392617,
                -0.013971319575903845
            ],
            [
                -0.0032154619001107192,
                0.014345075450277682,
                -0.9998919339684137
            ]
        ],
        "t": [
            -0.4361382335223094,
            0.8998555527862091,
            -0.006589793613281659
        ]
    },
    "lizard_00527.png": {
        "R": [
            [
                0.9983060017265669,
                -0.058181526662881095,
                -0.0001920205520601477
            ],
            [
                0.058181367417733276,
                0.9983057471636504,
                -0.0007507765503614967
            ],
            [
                0.0002353765465774673,
                0.0007383327178901861,
                0.9999996997312943
            ]
        ],
        "t": [
            0.2718215520441657,
            -0.9623452739810295,
            -0.0021488347256484615
        ]
    },
    "lizard_00531.png": {
        "R": [
            [
                0.955259979725847,
                0.2957671630831885,
                0.0003954439239523015
            ],
            [
                -0.2957666610749562,
                0.9552596943692102,
                -0.000999254829972748
            ],
            [
                -0.0006732984081930791,
                0.0008375890195909272,
                0.9999994225567771
            ]
        ],
        "t": [
            0.5529592245674543,
            -0.8332078801665755,
            0.0008511134361733915
        ]
    },
    "lizard_00538.png": {
        "R": [
            [
                -0.6184440436272556,
                0.7857867053484742,
                0.008137481155695946
            ],
            [
                0.7857949688226009,
                0.6184803731640561,
                -0.0028801013762814057
            ],
            [
                -0.007296017753328124,
                0.004613210209830614,
                -0.9999627425141914
            ]
        ],